coverage_type,method_name,completed_runs,average_coverage_percent,average_time_ms,average_memory_mb,average_variable_count,average_z3_expression_count,status
STATEMENT,addWithOverflowDefault,10,100,771.4,73.485725,2,9,OK
STATEMENT,binaryGcd,10,100,1865.6,77.504247,8,37,OK
STATEMENT,"binarySearch(int[],int,int)",10,100,2407.8,81.490715,10.4,59.2,OK
STATEMENT,"binarySearch(long[],int,long)",10,100,1959.6,74.535875,10.8,61.4,OK
STATEMENT,computeUInt64SizeNoTag,10,100,3108.2,74.684703,5.1,106.5,OK
STATEMENT,countBits,10,100,1519.5,78.515667,29,1034,OK
STATEMENT,divWord,10,69.230769,3346.2,79.362170,5,64,OK
STATEMENT,divadd,10,100,1064.7,76.909631,3,18,OK
STATEMENT,encodeCopy,10,100,2390.0,76.047945,10,269,OK
STATEMENT,expandedCapacity,10,100,2136.3,85.024294,9,113,OK
STATEMENT,findCodePoint,10,100,2293.2,77.180907,47,603,OK
STATEMENT,gcd,10,100,2397.4,118.535688,11,69,OK
STATEMENT,getCases,10,100,3894.6,79.562960,16,92,OK
STATEMENT,getLengthBytes,10,100,2233.0,75.793504,4,40,OK
STATEMENT,getNumOfLenBytes,10,100,2311.2,75.208842,4,40,OK
STATEMENT,getPairIndex,10,100,2105.2,82.733137,8,309,OK
STATEMENT,getPrimaries,10,100,1755.9,77.649036,5,24,OK
STATEMENT,getQuaternaries,10,100,3345.0,78.722157,10,53,OK
STATEMENT,getSecondariesFromOneShortCE,10,100,830.9,77.143713,1,6,OK
STATEMENT,getTertiaries,10,100,5516.6,81.392770,28,125,OK
STATEMENT,highBit,10,100,2365.2,75.437714,4,67,OK
STATEMENT,isCompatibleBrand,10,100,1426.5,73.761327,3,19,OK
STATEMENT,lookup,10,100,2013.2,77.799638,6,47,OK
STATEMENT,mulsub,10,100,1532.0,77.317899,6.7,31.7,OK
STATEMENT,mulsubBorrow,10,100,934.3,76.977711,4,20,OK
STATEMENT,next,10,100,593.2,73.807481,0,0,OK
STATEMENT,numberOfLeadingZeros,10,100,2392.3,74.902745,4,58,OK
STATEMENT,numberOfTrailingZeros,10,100,2311.7,74.977345,4,74,OK
STATEMENT,pow,10,80,1096.3,77.889140,1,3,OK
STATEMENT,random,10,100,1127.4,74.428307,3,20,OK
STATEMENT,readBits,10,100,1790.7,74.175253,10,42,OK
STATEMENT,saturatedAdd,10,100,932.2,77.869216,2,11,OK
STATEMENT,saturatedMultiply,10,80,3214.5,89.732506,6,1100,OK
STATEMENT,saturatedSubtract,10,100,1250.3,85.368966,2,12,OK
STATEMENT,set32x64Bits,10,61.111111,4892.2,86.014533,57,565,OK
STATEMENT,slide,10,22.222222,8271.3,21302.887457,0,0,OK
STATEMENT,stickyRound,10,100,889.5,75.552321,1,8,OK
STATEMENT,subtractWithOverflowDefault,10,100,1006.2,73.484167,2,10,OK
STATEMENT,tableSize,10,75,1555.1,74.683157,2,11,OK
STATEMENT,toCompactValue,10,100,1660.4,77.270276,7.4,35.5,OK
STATEMENT,check,0,,,,,,TIMEOUT
STATEMENT,isWellFormedSlowPath,0,,,,,,TIMEOUT
STATEMENT,isValidUtf8NonAscii,0,,,,,,TIMEOUT
BRANCH,addWithOverflowDefault,10,100,941.2,73.491904,2,9,OK
BRANCH,binaryGcd,10,100,1678.2,77.490829,8,37,OK
BRANCH,"binarySearch(int[],int,int)",10,100,1577.8,74.410001,11.2,63.6,OK
BRANCH,"binarySearch(long[],int,long)",10,100,1930.6,74.339651,10.4,59.2,OK
BRANCH,computeUInt64SizeNoTag,10,100,4147.4,75.498100,5.6,120.2,OK
BRANCH,countBits,10,100,1564.8,78.627355,29,1034,OK
BRANCH,divWord,10,66.666667,3142.0,79.206742,5,64,OK
BRANCH,divadd,10,100,1072.3,76.808105,2,12,OK
BRANCH,encodeCopy,10,100,3453.7,76.723349,14,383,OK
BRANCH,expandedCapacity,10,100,2155.9,85.112194,9,113,OK
BRANCH,findCodePoint,10,100,2359.8,77.279581,47,603,OK
BRANCH,gcd,10,100,2151.4,118.458189,11,69,OK
BRANCH,getCases,10,100,4074.9,79.854385,16,92,OK
BRANCH,getLengthBytes,10,100,2336.8,75.469048,4,40,OK
BRANCH,getNumOfLenBytes,10,100,1957.7,75.432155,4,40,OK
BRANCH,getPairIndex,10,100,2541.7,85.127163,12,473,OK
BRANCH,getPrimaries,10,100,1868.6,77.752333,5,24,OK
BRANCH,getQuaternaries,10,100,3367.6,78.971871,10,53,OK
BRANCH,getSecondariesFromOneShortCE,10,100,924.8,77.174892,1,6,OK
BRANCH,getTertiaries,10,100,6160.4,81.815353,28,125,OK
BRANCH,highBit,10,100,2670.0,75.848337,5,86,OK
BRANCH,isCompatibleBrand,10,100,1458.7,73.833393,3,19,OK
BRANCH,lookup,10,100,1803.6,77.935662,6,47,OK
BRANCH,mulsub,10,100,1168.5,76.804240,3,13,OK
BRANCH,mulsubBorrow,10,100,876.5,76.813255,3,13,OK
BRANCH,next,10,100,384.3,73.665224,0,0,OK
BRANCH,numberOfLeadingZeros,10,100,2206.9,74.974296,4,58,OK
BRANCH,numberOfTrailingZeros,10,100,2531.0,75.286531,5,94,OK
BRANCH,pow,10,100,1489.0,78.086312,3,15,OK
BRANCH,random,10,83.333333,1509.7,77.527223,9,68,OK
BRANCH,readBits,10,100,1568.8,74.133223,10,42,OK
BRANCH,saturatedAdd,10,100,1161.2,77.883966,2,11,OK
BRANCH,saturatedMultiply,10,80,2976.7,89.783746,6,1053.5,OK
BRANCH,saturatedSubtract,10,100,1181.9,85.355013,2,12,OK
BRANCH,set32x64Bits,10,55.555556,7007.7,88.229868,60,604,OK
BRANCH,slide,10,5.555556,9213.7,22833.882114,0,0,OK
BRANCH,stickyRound,10,100,1076.9,75.531711,1,8,OK
BRANCH,subtractWithOverflowDefault,10,100,1093.2,73.476385,2,10,OK
BRANCH,tableSize,10,50,1279.0,74.670764,2,11,OK
BRANCH,toCompactValue,10,100,1777.4,77.249125,7.4,35.2,OK
BRANCH,check,0,,,,,,TIMEOUT
BRANCH,isWellFormedSlowPath,0,,,,,,COMPILE_ERROR
BRANCH,isValidUtf8NonAscii,0,,,,,,TIMEOUT
MCDC,addWithOverflowDefault,10,100,882.4,73.469283,2,9,OK
MCDC,binaryGcd,10,100,1979.8,77.486602,8,37,OK
MCDC,"binarySearch(int[],int,int)",10,100,1596.6,74.339045,10,57,OK
MCDC,"binarySearch(long[],int,long)",10,100,1865.3,74.287807,9.6,54.8,OK
MCDC,computeUInt64SizeNoTag,10,100,4482.7,75.324337,5.4,115.1,OK
MCDC,countBits,10,100,1710.6,78.628735,29,1034,OK
MCDC,divWord,10,66.666667,3484.2,79.181114,5,64,OK
MCDC,divadd,10,100,781.8,76.811302,2,12,OK
MCDC,encodeCopy,10,100,3485.5,76.707092,14,383,OK
MCDC,expandedCapacity,10,100,2284.8,85.006801,9,113,OK
MCDC,findCodePoint,10,100,2755.3,77.328432,51,626,OK
MCDC,gcd,10,100,2813.9,118.394795,12,73,OK
MCDC,getCases,10,100,4845.7,80.810734,20,103,OK
MCDC,getLengthBytes,10,100,2494.0,75.457312,4,40,OK
MCDC,getNumOfLenBytes,10,100,2416.0,75.416614,4,40,OK
MCDC,getPairIndex,10,100,2354.4,85.112431,12,473,OK
MCDC,getPrimaries,10,100,1982.3,77.759574,5,24,OK
MCDC,getQuaternaries,10,100,3062.2,78.972406,10,53,OK
MCDC,getSecondariesFromOneShortCE,10,100,844.6,77.185771,1,6,OK
MCDC,getTertiaries,10,100,5817.5,81.825291,28,125,OK
MCDC,highBit,10,100,2628.1,75.814809,5,86,OK
MCDC,isCompatibleBrand,10,100,1972.9,74.087589,5,30,OK
MCDC,lookup,10,100,1689.2,78.169554,10,69,OK
MCDC,mulsub,10,100,1585.1,76.801315,3,13,OK
MCDC,mulsubBorrow,10,100,896.9,76.812683,3,13,OK
MCDC,next,10,100,687.3,73.651880,0,0,OK
MCDC,numberOfLeadingZeros,10,100,2350.4,74.959089,4,58,OK
MCDC,numberOfTrailingZeros,10,100,3022.9,75.269665,5,94,OK
MCDC,pow,10,100,1803.8,78.354200,5,23,OK
MCDC,random,10,83.333333,1362.7,77.481940,9,68,OK
MCDC,readBits,10,100,1861.4,74.121520,10,42,OK
MCDC,saturatedAdd,10,100,1132.2,77.910566,2,10,OK
MCDC,saturatedMultiply,10,80,3233.9,93.837433,8,1324.9,OK
MCDC,saturatedSubtract,10,100,974.4,85.297189,2,12,OK
MCDC,set32x64Bits,10,55.555556,7406.4,88.206997,60,604,OK
MCDC,slide,10,5,8632.2,19840.720940,0,0,OK
MCDC,stickyRound,10,75,1387.8,75.735638,1,8,OK
MCDC,subtractWithOverflowDefault,10,100,775.9,73.463117,2,10,OK
MCDC,tableSize,10,50,1444.9,74.657278,2,11,OK
MCDC,toCompactValue,10,100,3381.9,77.985130,13,60.4,OK
MCDC,check,0,,,,,,TIMEOUT
MCDC,isWellFormedSlowPath,0,,,,,,COMPILE_ERROR
MCDC,isValidUtf8NonAscii,0,,,,,,TIMEOUT
